-- phpMyAdmin SQL Dump
-- version 4.8.5
-- https://www.phpmyadmin.net/
--
-- Host: 127.0.0.1
-- Generation Time: May 24, 2019 at 05:18 PM
-- Server version: 10.1.38-MariaDB
-- PHP Version: 7.3.2

SET SQL_MODE = "NO_AUTO_VALUE_ON_ZERO";
SET AUTOCOMMIT = 0;
START TRANSACTION;
SET time_zone = "+00:00";


/*!40101 SET @OLD_CHARACTER_SET_CLIENT=@@CHARACTER_SET_CLIENT */;
/*!40101 SET @OLD_CHARACTER_SET_RESULTS=@@CHARACTER_SET_RESULTS */;
/*!40101 SET @OLD_COLLATION_CONNECTION=@@COLLATION_CONNECTION */;
/*!40101 SET NAMES utf8mb4 */;

--
-- Database: `rpnrsdb`
--

-- --------------------------------------------------------

--
-- Table structure for table `acc`
--

CREATE TABLE `acc` (
  `id` int(11) NOT NULL,
  `username` varchar(50) NOT NULL,
  `password` varchar(50) NOT NULL
) ENGINE=InnoDB DEFAULT CHARSET=latin1;

--
-- Dumping data for table `acc`
--

INSERT INTO `acc` (`id`, `username`, `password`) VALUES
(1, 'Physical Plant and Security Services', 'admin'),
(2, 'Security Personnel', 'aaaa');

-- --------------------------------------------------------

--
-- Table structure for table `ownertbl`
--

CREATE TABLE `ownertbl` (
  `ownerId` int(11) NOT NULL,
  `ownerFirstname` varchar(50) NOT NULL,
  `ownerMiddlename` varchar(50) NOT NULL,
  `ownerLastname` varchar(50) NOT NULL,
  `ownerAge` int(11) NOT NULL,
  `ownerAddress` varchar(50) NOT NULL,
  `ownerContact` bigint(20) NOT NULL,
  `ownerEmail` varchar(50) NOT NULL,
  `ownerProf` varchar(50) NOT NULL,
  `ownerDept` varchar(50) NOT NULL
) ENGINE=InnoDB DEFAULT CHARSET=latin1;

--
-- Dumping data for table `ownertbl`
--

INSERT INTO `ownertbl` (`ownerId`, `ownerFirstname`, `ownerMiddlename`, `ownerLastname`, `ownerAge`, `ownerAddress`, `ownerContact`, `ownerEmail`, `ownerProf`, `ownerDept`) VALUES
(1, 'Chris', 'G.', 'Estonilo', 18, 'Tanza, CAVITE', 9090909, 'chris@gmail.com', 'Faculty Member', 'DCS'),
(12345, 'JASPHER', 'AS', 'CABERTO', 18, 'PASCAM', 909343, 'jascaberto@gmail.coom', 'Student', 'DCS'),
(210132, 'JAYMARK', 'a', 'PURISIMA', 20, 'WAWA ROSARIO', 923023, 'jaymark@yahoo.com', 'Student', 'DCS'),
(201410103, 'gabby', 'm', 'balano', 22, 'tanza cavite', 2147483647, 'gab@yahoo.com', 'Faculty Member', 'arts n science'),
(201510480, 'VIVIEN', 'B', 'MONZON', 20, 'TANZA CAVITE', 9050213130, 'monzonvivien@yahoo.com', 'Student', 'COMPUTER STUDIES'),
(201510582, 'Rachelle Anne', 'Delgado', 'Achurra', 20, 'PasCam II', 2147483647, 'rachelleanne@gmail.com', 'Student', 'DCS');

-- --------------------------------------------------------

--
-- Table structure for table `reporttbl`
--

CREATE TABLE `reporttbl` (
  `reportId` int(11) NOT NULL,
  `reportOwnerId` int(11) NOT NULL,
  `reportOwnerName` varchar(50) NOT NULL,
  `reportVehicleType` varchar(50) NOT NULL,
  `reportVehicleId` varchar(50) NOT NULL,
  `reportVehicleDate` varchar(50) NOT NULL,
  `reportVehicleTime` varchar(50) NOT NULL,
  `reportStatus` varchar(50) NOT NULL
) ENGINE=InnoDB DEFAULT CHARSET=latin1;

--
-- Dumping data for table `reporttbl`
--

INSERT INTO `reporttbl` (`reportId`, `reportOwnerId`, `reportOwnerName`, `reportVehicleType`, `reportVehicleId`, `reportVehicleDate`, `reportVehicleTime`, `reportStatus`) VALUES
(38, 0, 'Gelou', '4-Wheeled', 'NBE 4882', '2019-04-25', '16:39', 'REGISTERED'),
(39, 0, 'Gelou', '4-Wheeled', 'NBE 4882', '2019-04-25', '16:42', 'REGISTERED'),
(40, 0, 'UNREGISTERED', 'UNREGISTERED', 'sr2g_ Yaa', '2019-04-25', '16:43', 'UNREGISTERED'),
(43, 0, 'UNREGISTERED', 'UNREGISTERED', 'a\n\n/ABY 8512', '2019-04-25', '17:09', 'UNREGISTERED'),
(45, 1, 'Chris', '4-Wheeled', 'ABY 8512', '2019-04-25', '17:11', 'REGISTERED'),
(49, 0, 'UNREGISTERED', 'UNREGISTERED', 'REGION', '2019-04-25', '17:15', 'UNREGISTERED'),
(53, 0, 'UNREGISTERED', 'UNREGISTERED', 'ABY 8512\n\nREGION', '2019-04-25', '17:15', 'UNREGISTERED'),
(60, 0, 'UNREGISTERED', 'UNREGISTERED', 'es', '2019-04-25', '17:26', 'UNREGISTERED'),
(64, 0, 'UNREGISTERED', 'UNREGISTERED', '\\', '2019-04-25', '17:27', 'UNREGISTERED'),
(70, 0, 'UNREGISTERED', 'UNREGISTERED', '| AAS 7843;', '2019-04-25', '17:34', 'UNREGISTERED'),
(71, 0, 'UNREGISTERED', 'UNREGISTERED', 'REGION 1', '2019-04-25', '17:35', 'UNREGISTERED'),
(72, 0, 'UNREGISTERED', 'UNREGISTERED', '| AAS 7843\n\nREGION', '2019-04-25', '17:35', 'UNREGISTERED'),
(73, 0, 'UNREGISTERED', 'UNREGISTERED', '| AAS 7843,', '2019-04-25', '17:36', 'UNREGISTERED'),
(74, 0, 'UNREGISTERED', 'UNREGISTERED', 'ACR 1099)\n\nREGION', '2019-04-25', '17:38', 'UNREGISTERED'),
(75, 0, 'UNREGISTERED', 'UNREGISTERED', 'ACR 1099\n\nREGION', '2019-04-25', '17:38', 'UNREGISTERED'),
(76, 0, 'UNREGISTERED', 'UNREGISTERED', 'ACR 1099', '2019-04-25', '17:38', 'UNREGISTERED'),
(77, 0, 'UNREGISTERED', 'UNREGISTERED', 'ACR 1099\n\nREGION', '2019-04-25', '17:38', 'UNREGISTERED'),
(78, 0, 'UNREGISTERED', 'UNREGISTERED', 'ACR 1099\n\nREGION', '2019-04-25', '17:38', 'UNREGISTERED'),
(79, 0, 'UNREGISTERED', 'UNREGISTERED', 'ACR 1099', '2019-04-25', '17:38', 'UNREGISTERED'),
(80, 0, 'UNREGISTERED', 'UNREGISTERED', 'ACR 1099', '2019-04-25', '17:39', 'UNREGISTERED'),
(81, 0, 'UNREGISTERED', 'UNREGISTERED', 'i', '2019-04-25', '17:40', 'UNREGISTERED'),
(82, 0, 'UNREGISTERED', 'UNREGISTERED', '{oo', '2019-04-25', '17:40', 'UNREGISTERED'),
(83, 0, 'UNREGISTERED', 'UNREGISTERED', 'a', '2019-04-25', '17:40', 'UNREGISTERED'),
(84, 0, 'UNREGISTERED', 'UNREGISTERED', 'REGION 7', '2019-04-25', '17:41', 'UNREGISTERED'),
(85, 0, 'UNREGISTERED', 'UNREGISTERED', 'REGION', '2019-04-25', '17:41', 'UNREGISTERED'),
(86, 0, 'UNREGISTERED', 'UNREGISTERED', 'REGION', '2019-04-25', '17:42', 'UNREGISTERED'),
(87, 0, 'UNREGISTERED', 'UNREGISTERED', 'ACR 1099\n\nREGION', '2019-04-25', '17:42', 'UNREGISTERED'),
(88, 0, 'UNREGISTERED', 'UNREGISTERED', '7', '2019-04-25', '17:48', 'UNREGISTERED'),
(89, 12345, 'JAS', '4-Wheeled', 'ACR 1099', '2019-04-25', '18:01', 'REGISTERED'),
(90, 0, 'UNREGISTERED', 'UNREGISTERED', 'ACR 1099\n\nREGION', '2019-04-25', '18:02', 'UNREGISTERED'),
(91, 0, 'UNREGISTERED', 'UNREGISTERED', 'REGION 1', '2019-04-25', '21:29', 'UNREGISTERED'),
(92, 12345, 'JAS', '4-Wheeled', 'ACR 1099', '2019-04-25', '21:32', 'REGISTERED'),
(93, 0, 'UNREGISTERED', 'UNREGISTERED', 'ABY 8512\n\nREGION', '2019-04-25', '22:53', 'UNREGISTERED'),
(94, 0, 'UNREGISTERED', 'UNREGISTERED', 'AAS 1843\n\nREGION', '2019-04-25', '22:54', 'UNREGISTERED'),
(95, 0, 'UNREGISTERED', 'UNREGISTERED', 'REGION 2', '2019-04-25', '22:55', 'UNREGISTERED'),
(96, 12345, 'JAS', '4-Wheeled', 'ACR 1099', '2019-04-25', '22:57', 'REGISTERED'),
(97, 0, 'UNREGISTERED', 'UNREGISTERED', 'AAS 71843', '2019-04-25', '23:02', 'UNREGISTERED'),
(98, 0, 'UNREGISTERED', 'UNREGISTERED', 'eee\n\nod Be,', '2019-04-25', '23:03', 'UNREGISTERED'),
(99, 0, 'UNREGISTERED', 'UNREGISTERED', 'i', '2019-04-25', '23:05', 'UNREGISTERED'),
(100, 0, 'UNREGISTERED', 'UNREGISTERED', 'REGION', '2019-04-25', '23:07', 'UNREGISTERED'),
(101, 0, 'UNREGISTERED', 'UNREGISTERED', 'ABY 8512\n\nREGION', '2019-04-25', '23:08', 'UNREGISTERED'),
(102, 0, 'UNREGISTERED', 'UNREGISTERED', 'REGION 7', '2019-04-26', '00:31', 'UNREGISTERED'),
(103, 0, 'UNREGISTERED', 'UNREGISTERED', 'ABY 8512\n\nREGION', '2019-04-26', '01:08', 'UNREGISTERED'),
(104, 12345, 'JAS', '4-Wheeled', 'ACR 1099', '2019-04-26', '01:09', 'REGISTERED'),
(105, 0, 'UNREGISTERED', 'UNREGISTERED', 'AAS 7843', '2019-04-26', '01:11', 'UNREGISTERED'),
(106, 1, 'Chris', '4-Wheeled', 'a', '2019-04-26', '01:14', 'REGISTERED'),
(107, 0, 'UNREGISTERED', 'UNREGISTERED', 'AAS 7843 1843\n\nREGION', '2019-04-26', '01:26', 'UNREGISTERED'),
(108, 201510582, 'Rachelle Anne', '4-Wheeled', 'AAS 7843', '2019-04-26', '01:30', 'REGISTERED'),
(109, 12345, 'JAS', '4-Wheeled', 'ACR 1099', '2019-04-26', '01:31', 'REGISTERED'),
(110, 0, 'UNREGISTERED', 'UNREGISTERED', 'ABY 8512\n\nREGION', '2019-04-26', '01:32', 'UNREGISTERED'),
(111, 0, 'UNREGISTERED', 'UNREGISTERED', 'REGION', '2019-04-26', '02:02', 'UNREGISTERED'),
(112, 0, 'UNREGISTERED', 'UNREGISTERED', 'REGION 7', '2019-04-26', '02:07', 'UNREGISTERED'),
(113, 0, 'UNREGISTERED', 'UNREGISTERED', 'ABY 8912)\n\nREGION', '2019-04-26', '02:08', 'UNREGISTERED'),
(114, 0, 'UNREGISTERED', 'UNREGISTERED', 'REGION', '2019-04-26', '02:09', 'UNREGISTERED'),
(115, 0, 'UNREGISTERED', 'UNREGISTERED', 'REGION', '2019-04-26', '02:12', 'UNREGISTERED'),
(116, 0, 'UNREGISTERED', 'UNREGISTERED', 'REGION 7', '2019-04-26', '02:13', 'UNREGISTERED'),
(117, 0, 'UNREGISTERED', 'UNREGISTERED', 'REGION 7', '2019-04-26', '02:14', 'UNREGISTERED'),
(118, 0, 'UNREGISTERED', 'UNREGISTERED', 'REGION', '2019-04-26', '02:15', 'UNREGISTERED'),
(119, 0, 'UNREGISTERED', 'UNREGISTERED', 'ACR 1093', '2019-04-26', '02:16', 'UNREGISTERED'),
(120, 0, 'UNREGISTERED', 'UNREGISTERED', 'ACR 1039', '2019-04-26', '02:17', 'UNREGISTERED'),
(121, 12345, 'JAS', '4-Wheeled', 'ACR 1099', '2019-04-26', '02:18', 'REGISTERED'),
(122, 201510582, 'Rachelle Anne', '4-Wheeled', 'AAS 7843', '2019-04-26', '02:18', 'REGISTERED'),
(123, 1, 'Chris', '4-Wheeled', 'ABY 8512', '2019-04-26', '02:19', 'REGISTERED'),
(124, 0, 'UNREGISTERED', 'UNREGISTERED', '°', '2019-04-26', '02:20', 'UNREGISTERED'),
(125, 0, 'UNREGISTERED', 'UNREGISTERED', 'XN', '2019-04-26', '02:20', 'UNREGISTERED'),
(126, 0, 'UNREGISTERED', 'UNREGISTERED', '()', '2019-04-26', '02:20', 'UNREGISTERED'),
(127, 0, 'UNREGISTERED', 'UNREGISTERED', 'fi', '2019-04-26', '02:21', 'UNREGISTERED'),
(128, 12345, 'JAS', '4-Wheeled', 'ACR 1099', '2019-04-26', '02:21', 'REGISTERED'),
(129, 1, 'Chris', '4-Wheeled', 'ABY 8512', '2019-04-26', '02:22', 'REGISTERED'),
(130, 201510582, 'Rachelle Anne', '4-Wheeled', 'AAS 7843', '2019-04-26', '02:22', 'REGISTERED'),
(131, 0, 'UNREGISTERED', 'UNREGISTERED', 'AAA 4896)', '2019-04-26', '02:22', 'UNREGISTERED'),
(132, 0, 'UNREGISTERED', 'UNREGISTERED', 'ry', '2019-04-26', '02:23', 'UNREGISTERED'),
(133, 0, 'UNREGISTERED', 'UNREGISTERED', 'lo', '2019-04-26', '02:23', 'UNREGISTERED'),
(134, 0, 'UNREGISTERED', 'UNREGISTERED', '|', '2019-04-26', '02:23', 'UNREGISTERED'),
(135, 0, 'UNREGISTERED', 'UNREGISTERED', '>', '2019-04-26', '02:24', 'UNREGISTERED'),
(136, 0, 'UNREGISTERED', 'UNREGISTERED', 'AAS 7843]', '2019-04-26', '02:24', 'UNREGISTERED'),
(137, 0, 'UNREGISTERED', 'UNREGISTERED', 'AAS 7843]', '2019-04-26', '02:24', 'UNREGISTERED'),
(138, 201510582, 'Rachelle Anne', '4-Wheeled', 'AAS 7843', '2019-04-26', '02:25', 'REGISTERED'),
(139, 1, 'Chris', '4-Wheeled', 'ABY 8512', '2019-04-26', '02:25', 'REGISTERED'),
(140, 12345, 'JAS', '4-Wheeled', 'ACR 1099', '2019-04-26', '02:25', 'REGISTERED'),
(141, 0, 'UNREGISTERED', 'UNREGISTERED', '~*~', '2019-04-26', '02:26', 'UNREGISTERED'),
(142, 0, 'UNREGISTERED', 'UNREGISTERED', '|', '2019-04-26', '02:26', 'UNREGISTERED'),
(143, 12345, 'JAS', '4-Wheeled', 'ACR 1099', '2019-04-26', '02:28', 'REGISTERED'),
(144, 1, 'Chris', '4-Wheeled', 'ABY 8512', '2019-04-26', '02:30', 'REGISTERED'),
(145, 0, 'UNREGISTERED', 'UNREGISTERED', 'ABY 8512)', '2019-04-26', '02:34', 'UNREGISTERED'),
(146, 1, 'Chris', '4-Wheeled', 'ABY 8512', '2019-04-26', '02:34', 'REGISTERED'),
(147, 0, 'UNREGISTERED', 'UNREGISTERED', 'JACR 1033}', '2019-04-26', '08:32', 'UNREGISTERED'),
(148, 0, 'UNREGISTERED', 'UNREGISTERED', 'JAcR 1033', '2019-04-26', '08:32', 'UNREGISTERED'),
(149, 0, 'UNREGISTERED', 'UNREGISTERED', 'ACR 1099;', '2019-04-26', '08:33', 'UNREGISTERED'),
(150, 12345, 'JAS', '4-Wheeled', 'ACR 1099', '2019-04-26', '08:34', 'REGISTERED'),
(151, 0, 'UNREGISTERED', 'UNREGISTERED', '|AAS 7823;', '2019-04-26', '08:34', 'UNREGISTERED'),
(152, 0, 'UNREGISTERED', 'UNREGISTERED', '|AAS 7843}', '2019-04-26', '08:34', 'UNREGISTERED'),
(153, 0, 'UNREGISTERED', 'UNREGISTERED', '|AAS 7843,', '2019-04-26', '08:35', 'UNREGISTERED'),
(154, 0, 'UNREGISTERED', 'UNREGISTERED', '|AAS 7843)', '2019-04-26', '08:35', 'UNREGISTERED'),
(155, 0, 'UNREGISTERED', 'UNREGISTERED', 'AAS 7843]', '2019-04-26', '08:35', 'UNREGISTERED'),
(156, 0, 'UNREGISTERED', 'UNREGISTERED', '|AAS\' 7843]', '2019-04-26', '08:35', 'UNREGISTERED'),
(157, 201510582, 'Rachelle Anne', '4-Wheeled', 'AAS 7843', '2019-04-26', '08:36', 'REGISTERED'),
(158, 0, 'UNREGISTERED', 'UNREGISTERED', 'ABY 8512|', '2019-04-26', '08:37', 'UNREGISTERED'),
(159, 1, 'Chris', '4-Wheeled', 'ABY 8512', '2019-04-26', '08:37', 'REGISTERED'),
(160, 0, 'UNREGISTERED', 'UNREGISTERED', 'ACR 1093', '2019-04-26', '08:37', 'UNREGISTERED'),
(161, 12345, 'JAS', '4-Wheeled', 'ACR 1099', '2019-04-26', '08:38', 'REGISTERED'),
(162, 12345, 'JAS', '4-Wheeled', 'ACR 1099', '2019-04-26', '09:19', 'REGISTERED'),
(163, 0, 'UNREGISTERED', 'UNREGISTERED', 'AAS 7843]', '2019-04-26', '09:19', 'UNREGISTERED'),
(164, 0, 'UNREGISTERED', 'UNREGISTERED', 'AAS 7843)', '2019-04-26', '09:19', 'UNREGISTERED'),
(165, 201510582, 'Rachelle Anne', '4-Wheeled', 'AAS 7843', '2019-04-26', '09:19', 'REGISTERED'),
(166, 0, 'UNREGISTERED', 'UNREGISTERED', 'ACR 1093', '2019-04-26', '09:20', 'UNREGISTERED'),
(167, 12345, 'JAS', '4-Wheeled', 'ACR 1099', '2019-04-26', '09:20', 'REGISTERED'),
(168, 1, 'Chris', '4-Wheeled', 'ABY 8512', '2019-04-26', '09:20', 'REGISTERED'),
(169, 1, 'Chris', '4-Wheeled', 'A', '2019-04-26', '09:20', 'REGISTERED'),
(170, 1, 'Chris', '4-Wheeled', 'A', '2019-04-26', '09:21', 'REGISTERED'),
(171, 0, 'UNREGISTERED', 'UNREGISTERED', 'ACR 1093', '2019-04-26', '09:21', 'UNREGISTERED'),
(172, 12345, 'JAS', '4-Wheeled', 'ACR 1099', '2019-04-26', '09:21', 'REGISTERED'),
(173, 0, 'UNREGISTERED', 'UNREGISTERED', 'i)', '2019-04-26', '09:22', 'UNREGISTERED'),
(174, 0, 'UNREGISTERED', 'UNREGISTERED', '.', '2019-04-26', '09:22', 'UNREGISTERED'),
(175, 1, 'Chris', '4-Wheeled', 'A', '2019-04-26', '09:39', 'REGISTERED'),
(176, 0, 'UNREGISTERED', 'UNREGISTERED', '(i', '2019-04-26', '09:39', 'UNREGISTERED'),
(177, 0, 'UNREGISTERED', 'UNREGISTERED', 'ABY 8512)', '2019-04-26', '09:40', 'UNREGISTERED'),
(178, 0, 'UNREGISTERED', 'UNREGISTERED', 'ABY 8512;', '2019-04-26', '09:40', 'UNREGISTERED'),
(179, 1, 'Chris', '4-Wheeled', 'ABY 8512', '2019-04-26', '09:40', 'REGISTERED'),
(180, 12345, 'JAS', '4-Wheeled', 'ACR 1099', '2019-04-26', '09:40', 'REGISTERED'),
(181, 201510582, 'Rachelle Anne', '4-Wheeled', 'AAS 7843', '2019-04-26', '09:40', 'REGISTERED'),
(182, 201510582, 'Rachelle Anne', '4-Wheeled', 'AAS 7843', '2019-04-26', '10:50', 'REGISTERED'),
(183, 12345, 'JAS', '4-Wheeled', 'ACR 1099', '2019-04-26', '10:50', 'REGISTERED'),
(184, 0, 'UNREGISTERED', 'UNREGISTERED', 'ABY_ 8512.', '2019-04-26', '10:51', 'UNREGISTERED'),
(185, 0, 'UNREGISTERED', 'UNREGISTERED', 'BY, 8512!', '2019-04-26', '10:51', 'UNREGISTERED'),
(186, 0, 'UNREGISTERED', 'UNREGISTERED', 'ABY 8512|', '2019-04-26', '10:51', 'UNREGISTERED'),
(187, 0, 'UNREGISTERED', 'UNREGISTERED', 'ABY 8512,', '2019-04-26', '10:51', 'UNREGISTERED'),
(188, 0, 'UNREGISTERED', 'UNREGISTERED', 'ABY 8512!', '2019-04-26', '10:52', 'UNREGISTERED'),
(189, 0, 'UNREGISTERED', 'UNREGISTERED', 'ABY 8512,', '2019-04-26', '10:52', 'UNREGISTERED'),
(190, 1, 'Chris', '4-Wheeled', 'ABY 8512', '2019-04-26', '10:53', 'REGISTERED'),
(191, 0, 'UNREGISTERED', 'UNREGISTERED', '’', '2019-04-26', '10:55', 'UNREGISTERED'),
(192, 0, 'UNREGISTERED', 'UNREGISTERED', 'NAH 7199', '2019-04-26', '10:56', 'UNREGISTERED'),
(193, 0, 'UNREGISTERED', 'UNREGISTERED', '/', '2019-04-26', '10:56', 'UNREGISTERED'),
(194, 0, 'UNREGISTERED', 'UNREGISTERED', '\\', '2019-04-26', '10:57', 'UNREGISTERED'),
(195, 0, 'UNREGISTERED', 'UNREGISTERED', '\\', '2019-04-26', '10:58', 'UNREGISTERED'),
(196, 0, 'UNREGISTERED', 'UNREGISTERED', 'gy', '2019-04-26', '10:58', 'UNREGISTERED'),
(197, 201410103, 'gab', '4-Wheeled', '7', '2019-04-26', '10:59', 'REGISTERED'),
(198, 0, 'UNREGISTERED', 'UNREGISTERED', 'i', '2019-04-26', '10:59', 'UNREGISTERED'),
(199, 0, 'UNREGISTERED', 'UNREGISTERED', '[AAS 7823\n\nREGION', '2019-04-26', '11:02', 'UNREGISTERED'),
(200, 0, 'UNREGISTERED', 'UNREGISTERED', '0\n\nAAS 7843}\n\nREGION', '2019-04-26', '11:02', 'UNREGISTERED'),
(201, 0, 'UNREGISTERED', 'UNREGISTERED', '‘AAS 7843)', '2019-04-26', '11:03', 'UNREGISTERED'),
(202, 201510582, 'Rachelle Anne', '4-Wheeled', 'AAS 7843', '2019-04-26', '11:04', 'REGISTERED'),
(203, 0, 'UNREGISTERED', 'UNREGISTERED', 'AAS 7843}', '2019-04-26', '11:38', 'UNREGISTERED'),
(204, 201510582, 'Rachelle Anne', '4-Wheeled', 'AAS 7843', '2019-04-26', '11:38', 'REGISTERED'),
(205, 0, 'UNREGISTERED', 'UNREGISTERED', '[', '2019-04-26', '11:39', 'UNREGISTERED'),
(206, 12345, 'JAS', '4-Wheeled', 'ACR 1099', '2019-04-26', '11:39', 'REGISTERED'),
(207, 0, 'UNREGISTERED', 'UNREGISTERED', 'ABY 8512;', '2019-04-26', '11:40', 'UNREGISTERED'),
(208, 0, 'UNREGISTERED', 'UNREGISTERED', 'ABY 8512,', '2019-04-26', '11:40', 'UNREGISTERED'),
(209, 0, 'UNREGISTERED', 'UNREGISTERED', 'ABY 8512,', '2019-04-26', '11:40', 'UNREGISTERED'),
(210, 0, 'UNREGISTERED', 'UNREGISTERED', 'ABY 8512;', '2019-04-26', '11:40', 'UNREGISTERED'),
(211, 1, 'Chris', '4-Wheeled', 'ABY 8512', '2019-04-26', '11:40', 'REGISTERED'),
(212, 0, 'UNREGISTERED', 'UNREGISTERED', 'AAS, 7843|', '2019-04-26', '12:20', 'UNREGISTERED'),
(213, 0, 'UNREGISTERED', 'UNREGISTERED', 'AAS 7843)', '2019-04-26', '12:20', 'UNREGISTERED'),
(214, 0, 'UNREGISTERED', 'UNREGISTERED', '‘AAS 7843)', '2019-04-26', '12:20', 'UNREGISTERED'),
(215, 0, 'UNREGISTERED', 'UNREGISTERED', 'AAS 7843)', '2019-04-26', '12:21', 'UNREGISTERED'),
(216, 201510582, 'Rachelle Anne', '4-Wheeled', 'AAS 7843', '2019-04-26', '12:21', 'REGISTERED'),
(217, 0, 'UNREGISTERED', 'UNREGISTERED', '|', '2019-04-26', '14:36', 'UNREGISTERED'),
(218, 0, 'UNREGISTERED', 'UNREGISTERED', 'AAS 7843]', '2019-04-26', '14:36', 'UNREGISTERED'),
(219, 0, 'UNREGISTERED', 'UNREGISTERED', '| AAS 7843]', '2019-04-26', '14:37', 'UNREGISTERED'),
(220, 12345, 'JAS', '4-Wheeled', 'ACR 1099', '2019-04-26', '14:37', 'REGISTERED'),
(221, 0, 'UNREGISTERED', 'UNREGISTERED', 'ABY 8512\'', '2019-04-26', '14:38', 'UNREGISTERED'),
(222, 1, 'Chris', '4-Wheeled', 'ABY 8512', '2019-04-26', '14:39', 'REGISTERED'),
(223, 1, 'Chris', '4-Wheeled', 'ABY 8512', '2019-04-26', '15:04', 'REGISTERED'),
(224, 0, 'UNREGISTERED', 'UNREGISTERED', 'ACR 1039', '2019-04-26', '15:18', 'UNREGISTERED'),
(225, 1, 'Chris', '4-Wheeled', 'ABY 8512', '2019-04-26', '15:19', 'REGISTERED'),
(226, 1, 'Chris', '4-Wheeled', 'ABY 8512', '2019-04-26', '15:29', 'REGISTERED'),
(227, 201510582, 'Rachelle Anne', '4-Wheeled', 'AAS 7843', '2019-04-26', '15:29', 'REGISTERED'),
(228, 0, 'UNREGISTERED', 'UNREGISTERED', 'FABY 8912', '2019-04-26', '16:29', 'UNREGISTERED'),
(229, 1, 'Chris', '4-Wheeled', 'ABY 8512', '2019-04-26', '16:30', 'REGISTERED'),
(230, 201510582, 'Rachelle Anne', '4-Wheeled', 'AAS 7843', '2019-04-26', '16:32', 'REGISTERED'),
(231, 12345, 'JAS', '4-Wheeled', 'ACR 1099', '2019-04-26', '17:09', 'REGISTERED'),
(232, 0, 'UNREGISTERED', 'UNREGISTERED', 'ABY 8512|', '2019-04-26', '17:15', 'UNREGISTERED'),
(233, 1, 'Chris', '4-Wheeled', 'ABY 8512', '2019-04-26', '17:15', 'REGISTERED'),
(234, 0, 'UNREGISTERED', 'UNREGISTERED', 'IABY 8512', '2019-04-29', '11:15', 'UNREGISTERED'),
(235, 0, 'UNREGISTERED', 'UNREGISTERED', 'ABY 8512|', '2019-04-29', '11:15', 'UNREGISTERED'),
(236, 0, 'UNREGISTERED', 'UNREGISTERED', 'IABY 8512', '2019-04-29', '11:16', 'UNREGISTERED'),
(237, 1, 'Chris', '4-Wheeled', 'ABY 8512', '2019-04-29', '11:16', 'REGISTERED'),
(238, 1, 'Chris', '4-Wheeled', 'ABY 8512', '2019-04-29', '11:24', 'REGISTERED'),
(239, 0, 'UNREGISTERED', 'UNREGISTERED', '\'', '2019-04-29', '11:25', 'UNREGISTERED'),
(240, 0, 'UNREGISTERED', 'UNREGISTERED', '| AAS 7843}', '2019-04-29', '11:25', 'UNREGISTERED'),
(241, 0, 'UNREGISTERED', 'UNREGISTERED', 'ae', '2019-04-29', '11:26', 'UNREGISTERED'),
(242, 0, 'UNREGISTERED', 'UNREGISTERED', 'L', '2019-05-01', '12:07', 'UNREGISTERED'),
(243, 0, 'UNREGISTERED', 'UNREGISTERED', 'ABY 8512|', '2019-05-06', '16:59', 'UNREGISTERED'),
(244, 12345, 'JASPHER', '4-Wheeled', 'CR 1099', '2019-05-06', '17:01', 'REGISTERED'),
(245, 12345, 'JASPHER', '4-Wheeled', 'ACR 1099', '2019-05-06', '17:01', 'REGISTERED'),
(246, 0, 'UNREGISTERED', 'UNREGISTERED', 'i', '2019-05-12', '16:55', 'UNREGISTERED'),
(247, 201510582, 'Rachelle Anne', '4-Wheeled', 'aa', '2019-05-12', '16:56', 'REGISTERED'),
(248, 1, 'Chris', '4-Wheeled', 'ABY 8512', '2019-05-12', '17:25', 'REGISTERED'),
(249, 1, 'Chris', '4-Wheeled', 'ABY 8512', '2019-05-12', '17:29', 'REGISTERED'),
(250, 1, 'Chris', '4-Wheeled', 'ABY 8512', '2019-05-16', '15:35', 'REGISTERED');

-- --------------------------------------------------------

--
-- Table structure for table `vehicletbl`
--

CREATE TABLE `vehicletbl` (
  `vehicleColor` varchar(50) NOT NULL,
  `vehicleBrand` varchar(50) NOT NULL,
  `vehicleModel` varchar(50) NOT NULL,
  `vehicleType` varchar(50) NOT NULL,
  `vehicleId` varchar(50) NOT NULL,
  `vehicleOwnerId` int(11) NOT NULL,
  `dateReg` varchar(50) NOT NULL
) ENGINE=InnoDB DEFAULT CHARSET=latin1;

--
-- Dumping data for table `vehicletbl`
--

INSERT INTO `vehicletbl` (`vehicleColor`, `vehicleBrand`, `vehicleModel`, `vehicleType`, `vehicleId`, `vehicleOwnerId`, `dateReg`) VALUES
('black', 'Honda', 'civic', '4-Wheeled', 'ABY 8512', 1, '2019-04-25'),
('green', 'Suzuki', 'yashajd', '4-Wheeled', 'ACR 1099', 12345, '2019-04-25'),
('black', 'Isuzu', 'dsada', 'Motorcycle', 'APA 8492', 210132, ''),
('pink', 'Mitsubishi', 'asas', '4-Wheeled', '-ZMN 271', 201410103, ''),
('BLACK', 'Honda', 'CIVIC', '4-Wheeled', '123456', 201510480, '2019-05-01'),
('Black', 'Honda', 'Civic', '4-Wheeled', 'AAS 7843', 201510582, '2019-04-26');

--
-- Indexes for dumped tables
--

--
-- Indexes for table `acc`
--
ALTER TABLE `acc`
  ADD PRIMARY KEY (`id`);

--
-- Indexes for table `ownertbl`
--
ALTER TABLE `ownertbl`
  ADD PRIMARY KEY (`ownerId`);

--
-- Indexes for table `reporttbl`
--
ALTER TABLE `reporttbl`
  ADD PRIMARY KEY (`reportId`);

--
-- Indexes for table `vehicletbl`
--
ALTER TABLE `vehicletbl`
  ADD PRIMARY KEY (`vehicleOwnerId`);

--
-- AUTO_INCREMENT for dumped tables
--

--
-- AUTO_INCREMENT for table `acc`
--
ALTER TABLE `acc`
  MODIFY `id` int(11) NOT NULL AUTO_INCREMENT, AUTO_INCREMENT=3;

--
-- AUTO_INCREMENT for table `reporttbl`
--
ALTER TABLE `reporttbl`
  MODIFY `reportId` int(11) NOT NULL AUTO_INCREMENT, AUTO_INCREMENT=251;
COMMIT;

/*!40101 SET CHARACTER_SET_CLIENT=@OLD_CHARACTER_SET_CLIENT */;
/*!40101 SET CHARACTER_SET_RESULTS=@OLD_CHARACTER_SET_RESULTS */;
/*!40101 SET COLLATION_CONNECTION=@OLD_COLLATION_CONNECTION */;
